,a,b,c,d
httpcsvkmeuaeccjpg.jpg,36,85,118,3
httpftqncomymusicLxZeltonjohnjpg.jpg,45,144,85,105
httpgonetworthcomwpcontentuploadsthumbsjpg.jpg,72,213,190,95
httpgraphicsnytimescomimagesmagazinekalingkalingarticleInlinejpg.jpg,49,135,131,53
httpgraphicsnytimescomimagessectionmoviesfilmographyWireImagejpg.jpg,48,127,130,45
httpiamediaimdbcomimagesMMVBMTANDQNTAxNDVeQTJeQWpwZBbWUMDIMjQOTYVUXCRALjpg.jpg,58,149,157,50
httpiamediaimdbcomimagesMMVBMTAxNDUMzUwOTdeQTJeQWpwZBbWUMDUOTAyNTIVUXCRALjpg.jpg,76,143,158,61
httpikinjaimgcomgawkermediaimageuploadsWmIuhdsrcedidjpgjpg.jpg,42,162,99,105
httpimagegaladevcmseamadonnaprivatdetektivsquaretopsquarejpgv.jpg,82,168,200,50
httpimagescontactmusiccomnewsimagesjerryseinfeldjpg.jpg,58,192,176,74
httpimagesfandangocomrImageRendererredesignstaticimgnoxportraitjpgpcpcpcimagesmasterrepositoryperformerimagespjpg.jpg,62,114,160,15
httpimagesmtvcomurimgidfiledocrootvhcomsitewideflipbooksimgdailyjpgenlargefalsemattetruematteColorblackquality.jpg,52,200,170,82
httpimagesnymagcomimagesdailymindykalingxjpg.jpg,15,105,72,48
httpimagesrottentomatoescomimagesspotlightsnewsjerryseinfeldjpg.jpg,43,77,112,9
httpimgclosermagfrvarclosermagstorageimagesactupeoplebiodestarsmadonnamadonnafreFRmadonnaexactxljpg.jpg,72,185,170,86
httpimggalpmdstaticnetfithttpAFFwwwEgalaEfrFvarFgalFstorageFimagesFmediaFmultiuploaddufevrierFeltonjohnFfreFRFeltonjohnEjpgxqualityeltonjohnjpg.jpg,46,234,128,152
httpimgthedrumcomsfspublicnewstmpjerryseinfeldjpg.jpg,76,143,158,61
httpimgtimeincnetpeopleinewsjerryseinfeldjpg.jpg,25,201,107,119
httpmediacacheecpinimgcomxffeffbcefjpg.jpg,51,167,119,99
httpmediaonsugarcomfilesbabaaaaaMindyInterviewxxxlargejpg.jpg,63,176,161,78
httpmediapopsugarassetscomfilescbffewltonjpg.jpg,61,168,179,50
httpmediapopsugarassetscomfilesusersxlargejpg.jpg,65,197,206,55
httpmediavoguecomrwblondesdarkbrowsmadonnajpg.jpg,34,105,91,48
httppfodcompchannelslegacyprofilejerryseinfeldpodcastjpg.jpg,90,135,172,53
httppixelnymagcomimgsfashiondailymindykalingwhjpg.jpg,73,182,191,64
httpresizeparismatchladmediafrrffffffcentermiddleimgvarnewsstorageimagesparismatchpeopleazmadonnafreFRMadonnajpg.jpg,77,179,219,37
httpsamazonawscomkidzworldphotoimagesbccdddaaadgallerymindykalinggalleryjpg.jpg,37,223,155,105
httpsdfrpwlycscloudfrontnetdeltonjohnjpg.jpg,42,156,99,100
httpsimagesnasslimagesamazoncomimagesIAQdwKvFILUXjpg.jpg,61,151,143,70
httpsimgbuzzfeedcombuzzfeedstaticstaticcampaignimageswebdradorableetsyitemsallmindykalingfansneedbigjpg.jpg,37,181,105,113
httpsmedialivenationcomartiststapjpg.jpg,22,135,70,87
httpspmctvlinefileswordpresscomeltonjohnjpg.jpg,52,200,150,101
httpsrobertaccetturacomwpcontentuploadsjerryseinfeldheadshotjpg.jpg,84,162,183,64
httpssmediacacheakpinimgcomxaaeaaeecccaedfebdbjpg.jpg,30,157,128,59
httpssmediacacheakpinimgcomxafafedebcbjpg.jpg,102,153,219,35
httpssmediacacheakpinimgcomxafaffbbbbdbcbdddjpg.jpg,29,124,69,85
httpssmediacacheakpinimgcomxbbfcbdedfbfdbjpg.jpg,25,124,65,85
httpssmediacacheakpinimgcomxcccccddbbfedabjpg.jpg,89,151,146,94
httpssmediacacheakpinimgcomxccccdabeaadjpg.jpg,42,168,124,86
httpssmediacacheakpinimgcomxdcfdcfedfaedadjpg.jpg,76,177,194,59
httpssmediacacheakpinimgcomxdfdfadcfeabjpg.jpg,66,183,113,135
httpssmediacacheakpinimgcomxedaedabcbefbcbabbjpg.jpg,84,147,183,49
httpssmediacacheakpinimgcomxededbebccdajpg.jpg,97,135,179,53
httpssmediacacheakpinimgcomxeebdfdbaaajpg.jpg,39,162,96,105
httpssmediacacheakpinimgcomxeeedcacddeccccacfjpg.jpg,24,144,71,97
httpssmediacacheakpinimgcomxfcfcbaeaeddabbjpg.jpg,47,185,129,103
httpssmediacacheakpinimgcomxfecfecaefaadfebejpg.jpg,77,104,117,65
httpssmediacacheakpinimgcomxfeebfdccajpg.jpg,32,147,100,78
httpssmediacacheakpinimgcomxfefdacfbfdeadajpg.jpg,68,122,125,65
httpssmediacacheakpinimgcomxffabffabbbcfbceaedjpg.jpg,73,151,155,70
httpssmediacacheakpinimgcomxffeabacaaejpg.jpg,66,116,123,59
httpssmediacacheakpinimgcomxffecfafddjpg.jpg,97,143,179,61
httpssvagalumecommadonnaimagesmadonnajpg.jpg,43,116,100,59
httpstatictherichestimagescomcdncwpcontentuploadsJerrySeinfeldjpg.jpg,35,147,103,78
httpsticketmnettmenusdamabbacdaebeafdbbCUSTOMjpg.jpg,72,188,140,120
httpsticketmnettmenusdbimagesajpg.jpg,50,162,107,105
httpsuploadwikimediaorgwikipediacommonsMadonnathAnnualGoldenGlobesAwardscroppedjpg.jpg,41,84,81,45
httpsuploadwikimediaorgwikipediacommonsthumbaaMadonnaatthepremiereofIAmBecauseWeArejpgpxMadonnaatthepremiereofIAmBecauseWeArejpg.jpg,58,160,157,61
httpsuploadwikimediaorgwikipediacommonsthumbbJerrySeinfeldjpgpxJerrySeinfeldjpg.jpg,51,122,108,65
httpsuploadwikimediaorgwikipediacommonsthumbddBenAffleckbyGageSkidmorejpgpxBenAffleckbyGageSkidmorejpg.jpg,58,190,199,48
httpsuploadwikimediaorgwikipediacommonsthumbEltonJohninsjpgpxEltonJohninsjpg.jpg,37,154,105,85
httpsuploadwikimediaorgwikipediacommonsthumbMindyBKalingBPaleyFestBNewBYorkBBMindyBIqZgUWvbljpgpxMindyBKalingBPaleyFestBNewBYorkBBMindyBIqZgUWvbljpg.jpg,57,171,175,53
httpsuswestamazonawscomblogsprodmediausuploadsJerrySeinfeldkidsxjpg.jpg,34,216,152,98
httpswwwticketscomuploadsartistsjerryseinfeldbilletsjpg.jpg,30,140,128,42
httptrwebimgacstanetcxbdddmediasnmediajpg.jpg,43,110,125,28
httpuploadwikimediaorgwikipediacommonsthumbaMadonnaRotterdamjpgpxMadonnaRotterdamjpg.jpg,52,162,109,105
httpwwwaceshowbizcomimagesphotobenaffleckjpg.jpg,37,105,94,48
httpwwwadweekcomfilesimagecachenodeinlinemindykalingprofilehedjpg.jpg,55,209,173,91
httpwwwallposterscomimagesPostersPFjpg.jpg,81,174,199,56
httpwwwbeastiemaniacomwhoismadonnamadonnajpg.jpg,57,185,138,103
httpwwwblackdogfilmscomwordpresswpcontentuploadsmadonnacelebrationxjpg.jpg,48,197,105,140
httpwwwbooksforbetterlivingcomwpcontentuploadsMindyKalingAuthorPhotojpg.jpg,64,218,146,136
httpwwwdeadlinecomvimgnetwpcontentuploadseltonjpg.jpg,43,152,142,54
httpwwweonlinecomeolimagesEntireSiteregKalingCancermhjpg.jpg,42,167,110,99
httpwwweonlinecomresizewwweonlinecomeolimagesEntireSitersxEltonJohnJRjpg.jpg,42,174,110,106
httpwwwetonlinecomphotomadonnabdayjpg.jpg,30,150,128,51
httpwwwfilmscoopitcgibinattoriBENAFFLECKBENAFFLECKjpg.jpg,38,118,120,36
httpwwwhillsindcomstorebenjpg.jpg,50,193,192,52
httpwwwimpropercomimagesuploadsusercontentimagesSoroffMindyjpg.jpg,51,147,119,78
httpwwwjohnpauljonesarenacomeventimagesEltonCalendarVjpg.jpg,33,111,81,63
httpwwwlautdeEltonJohneltonjohnjpg.jpg,24,202,92,134
httpwwwnndbcompeoplejerryseinfeldaujpg.jpg,29,147,97,78
httpwwwpictureszimbiocomfpMindyKalingfBgaONVFDFmjpg.jpg,64,228,182,110
httpwwwpictureszimbiocomgiMindyKalingLkvEhTwDeJmjpg.jpg,64,216,182,98
httpwwwpictureszimbiocomgpJerrySeinfeldJessicaSeinfeldmarriedBczSipMdNMQljpg.jpg,72,170,170,71
httpwwwpsychiatrictimescomsitesdefaultfilesimagesmediaPTMofficSeinfeldjpg.jpg,76,151,158,70
httpwwwrumenewscomwpcontentuploadsbenafflekxpng.jpg,25,112,65,73
httpwwwslatecomcontentdamslateblogsbrowbeatseinfeldjpgCROParticlemediumjpg.jpg,63,183,181,65
httpwwwwatchidcomsitesdefaultfilesuploadsightingBreitlingwatchJerrySeinfeldjpg.jpg,13,201,95,119
