Source,Target,Type,Id,Label,timeset,Weight
1,BUIN,Directed,713,,,1
2,BUIN,Directed,714,,,1
3,BUIN,Directed,715,,,1
4,BUIN,Directed,716,,,1
5,BUIN,Directed,717,,,1
6,BUIN,Directed,718,,,1
7,CALERA DE TANGO,Directed,719,,,1
8,CALERA DE TANGO,Directed,720,,,1
9,CERRILLOS,Directed,721,,,1
10,CERRILLOS,Directed,722,,,1
11,CERRILLOS,Directed,723,,,1
12,CERRILLOS,Directed,724,,,1
13,CERRILLOS,Directed,725,,,1
14,CERRO NAVIA,Directed,726,,,1
15,CERRO NAVIA,Directed,727,,,1
16,CERRO NAVIA,Directed,728,,,1
17,CERRO NAVIA,Directed,729,,,1
18,CERRO NAVIA,Directed,730,,,1
19,CERRO NAVIA,Directed,731,,,1
20,COLINA,Directed,732,,,1
21,COLINA,Directed,733,,,1
22,COLINA,Directed,734,,,1
23,COLINA,Directed,735,,,1
24,COLINA,Directed,736,,,1
25,COLINA,Directed,737,,,1
26,COLINA,Directed,738,,,1
27,COLINA,Directed,739,,,1
28,COLINA,Directed,740,,,1
29,COLINA,Directed,741,,,1
30,CONCHALI,Directed,742,,,1
31,CONCHALI,Directed,743,,,1
32,CONCHALI,Directed,744,,,1
33,CONCHALI,Directed,745,,,1
34,CONCHALI,Directed,746,,,1
35,CONCHALI,Directed,747,,,1
36,CONCHALI,Directed,748,,,1
37,CONCHALI,Directed,749,,,1
38,CURACAVI,Directed,750,,,1
39,CURACAVI,Directed,751,,,1
40,CURACAVI,Directed,752,,,1
41,EL BOSQUE,Directed,753,,,1
42,EL BOSQUE,Directed,754,,,1
43,EL BOSQUE,Directed,755,,,1
44,EL BOSQUE,Directed,756,,,1
45,EL BOSQUE,Directed,757,,,1
46,EL BOSQUE,Directed,758,,,1
47,EL BOSQUE,Directed,759,,,1
48,EL BOSQUE,Directed,760,,,1
49,EL BOSQUE,Directed,761,,,1
50,EL BOSQUE,Directed,762,,,1
51,ESTACION CENTRAL,Directed,763,,,1
52,ESTACION CENTRAL,Directed,764,,,1
53,ESTACION CENTRAL,Directed,765,,,1
54,ESTACION CENTRAL,Directed,766,,,1
55,ESTACION CENTRAL,Directed,767,,,1
56,ESTACION CENTRAL,Directed,768,,,1
57,ESTACION CENTRAL,Directed,769,,,1
58,ESTACION CENTRAL,Directed,770,,,1
59,ESTACION CENTRAL,Directed,771,,,1
60,ESTACION CENTRAL,Directed,772,,,1
61,ESTACION CENTRAL,Directed,773,,,1
62,ESTACION CENTRAL,Directed,774,,,1
63,ESTACION CENTRAL,Directed,775,,,1
64,ESTACION CENTRAL,Directed,776,,,1
65,ESTACION CENTRAL,Directed,777,,,1
66,ESTACION CENTRAL,Directed,778,,,1
67,HUECHURABA,Directed,779,,,1
68,HUECHURABA,Directed,780,,,1
69,HUECHURABA,Directed,781,,,1
70,HUECHURABA,Directed,782,,,1
71,HUECHURABA,Directed,783,,,1
72,HUECHURABA,Directed,784,,,1
73,HUECHURABA,Directed,785,,,1
74,HUECHURABA,Directed,786,,,1
75,INDEPENDENCIA,Directed,787,,,1
76,INDEPENDENCIA,Directed,788,,,1
77,INDEPENDENCIA,Directed,789,,,1
78,INDEPENDENCIA,Directed,790,,,1
79,INDEPENDENCIA,Directed,791,,,1
80,INDEPENDENCIA,Directed,792,,,1
81,INDEPENDENCIA,Directed,793,,,1
82,INDEPENDENCIA,Directed,794,,,1
83,ISLA DE MAIPO,Directed,795,,,1
84,ISLA DE MAIPO,Directed,796,,,1
85,ISLA DE MAIPO,Directed,797,,,1
86,LA CISTERNA,Directed,798,,,1
87,LA CISTERNA,Directed,799,,,1
88,LA CISTERNA,Directed,800,,,1
89,LA CISTERNA,Directed,801,,,1
90,LA CISTERNA,Directed,802,,,1
91,LA CISTERNA,Directed,803,,,1
92,LA CISTERNA,Directed,804,,,1
93,LA CISTERNA,Directed,805,,,1
94,LA CISTERNA,Directed,806,,,1
95,LA CISTERNA,Directed,807,,,1
96,LA CISTERNA,Directed,808,,,1
97,LA FLORIDA,Directed,809,,,1
98,LA FLORIDA,Directed,810,,,1
99,LA FLORIDA,Directed,811,,,1
100,LA FLORIDA,Directed,812,,,1
101,LA FLORIDA,Directed,813,,,1
102,LA FLORIDA,Directed,814,,,1
103,LA FLORIDA,Directed,815,,,1
104,LA FLORIDA,Directed,816,,,1
105,LA FLORIDA,Directed,817,,,1
106,LA FLORIDA,Directed,818,,,1
107,LA FLORIDA,Directed,819,,,1
108,LA FLORIDA,Directed,820,,,1
109,LA FLORIDA,Directed,821,,,1
110,LA FLORIDA,Directed,822,,,1
111,LA FLORIDA,Directed,823,,,1
112,LA FLORIDA,Directed,824,,,1
113,LA FLORIDA,Directed,825,,,1
114,LA FLORIDA,Directed,826,,,1
115,LA FLORIDA,Directed,827,,,1
116,LA FLORIDA,Directed,828,,,1
117,LA FLORIDA,Directed,829,,,1
118,LA FLORIDA,Directed,830,,,1
119,LA FLORIDA,Directed,831,,,1
120,LA FLORIDA,Directed,832,,,1
121,LA FLORIDA,Directed,833,,,1
122,LA FLORIDA,Directed,834,,,1
123,LA FLORIDA,Directed,835,,,1
124,LA FLORIDA,Directed,836,,,1
125,LA FLORIDA,Directed,837,,,1
126,LA FLORIDA,Directed,838,,,1
127,LA FLORIDA,Directed,839,,,1
128,LA FLORIDA,Directed,840,,,1
129,LA FLORIDA,Directed,841,,,1
130,LA FLORIDA,Directed,842,,,1
131,LA FLORIDA,Directed,843,,,1
132,LA FLORIDA,Directed,844,,,1
133,LA FLORIDA,Directed,845,,,1
134,LA FLORIDA,Directed,846,,,1
135,LA FLORIDA,Directed,847,,,1
136,LA FLORIDA,Directed,848,,,1
137,LA FLORIDA,Directed,849,,,1
138,LA FLORIDA,Directed,850,,,1
139,LA GRANJA,Directed,851,,,1
140,LA GRANJA,Directed,852,,,1
141,LA GRANJA,Directed,853,,,1
142,LA GRANJA,Directed,854,,,1
143,LA PINTANA,Directed,855,,,1
144,LA PINTANA,Directed,856,,,1
145,LA PINTANA,Directed,857,,,1
146,LA PINTANA,Directed,858,,,1
147,LA PINTANA,Directed,859,,,1
148,LA REINA,Directed,860,,,1
149,LA REINA,Directed,861,,,1
150,LA REINA,Directed,862,,,1
151,LA REINA,Directed,863,,,1
152,LA REINA,Directed,864,,,1
153,LA REINA,Directed,865,,,1
154,LA REINA,Directed,866,,,1
155,LA REINA,Directed,867,,,1
156,LA REINA,Directed,868,,,1
157,LA REINA,Directed,869,,,1
158,LO BARNECHEA,Directed,870,,,1
159,LA REINA,Directed,871,,,1
160,LA REINA,Directed,872,,,1
161,LA REINA,Directed,873,,,1
162,LAMPA,Directed,874,,,1
163,LAMPA,Directed,875,,,1
164,LAMPA,Directed,876,,,1
165,LAMPA,Directed,877,,,1
166,LAMPA,Directed,878,,,1
167,LAS CONDES,Directed,879,,,1
168,LAS CONDES,Directed,880,,,1
169,LAS CONDES,Directed,881,,,1
170,LAS CONDES,Directed,882,,,1
171,LAS CONDES,Directed,883,,,1
172,LAS CONDES,Directed,884,,,1
173,LAS CONDES,Directed,885,,,1
174,LAS CONDES,Directed,886,,,1
175,LAS CONDES,Directed,887,,,1
176,LAS CONDES,Directed,888,,,1
177,LAS CONDES,Directed,889,,,1
178,LAS CONDES,Directed,890,,,1
179,LAS CONDES,Directed,891,,,1
180,LAS CONDES,Directed,892,,,1
181,LAS CONDES,Directed,893,,,1
182,LAS CONDES,Directed,894,,,1
183,LAS CONDES,Directed,895,,,1
184,LAS CONDES,Directed,896,,,1
185,LAS CONDES,Directed,897,,,1
186,LAS CONDES,Directed,898,,,1
187,LAS CONDES,Directed,899,,,1
188,LAS CONDES,Directed,900,,,1
189,LAS CONDES,Directed,901,,,1
190,LAS CONDES,Directed,902,,,1
191,LAS CONDES,Directed,903,,,1
192,LAS CONDES,Directed,904,,,1
193,LAS CONDES,Directed,905,,,1
194,LAS CONDES,Directed,906,,,1
195,LAS CONDES,Directed,907,,,1
196,LAS CONDES,Directed,908,,,1
197,LAS CONDES,Directed,909,,,1
198,LAS CONDES,Directed,910,,,1
199,LAS CONDES,Directed,911,,,1
200,LAS CONDES,Directed,912,,,1
201,LAS CONDES,Directed,913,,,1
202,LO BARNECHEA,Directed,914,,,1
203,LAS CONDES,Directed,915,,,1
204,LAS CONDES,Directed,916,,,1
205,LAS CONDES,Directed,917,,,1
206,LAS CONDES,Directed,918,,,1
207,LAS CONDES,Directed,919,,,1
208,LAS CONDES,Directed,920,,,1
209,LAS CONDES,Directed,921,,,1
210,LAS CONDES,Directed,922,,,1
211,LAS CONDES,Directed,923,,,1
212,LAS CONDES,Directed,924,,,1
213,LAS CONDES,Directed,925,,,1
214,LAS CONDES,Directed,926,,,1
215,LAS CONDES,Directed,927,,,1
216,LAS CONDES,Directed,928,,,1
217,LAS CONDES,Directed,929,,,1
218,LAS CONDES,Directed,930,,,1
219,LO BARNECHEA,Directed,931,,,1
220,LO BARNECHEA,Directed,932,,,1
221,LO BARNECHEA,Directed,933,,,1
222,LO BARNECHEA,Directed,934,,,1
223,LO BARNECHEA,Directed,935,,,1
224,LO BARNECHEA,Directed,936,,,1
225,LO BARNECHEA,Directed,937,,,1
226,LO BARNECHEA,Directed,938,,,1
227,LO BARNECHEA,Directed,939,,,1
228,LO BARNECHEA,Directed,940,,,1
229,LO ESPEJO,Directed,941,,,1
230,LO ESPEJO,Directed,942,,,1
231,LO ESPEJO,Directed,943,,,1
232,LO PRADO,Directed,944,,,1
233,LO PRADO,Directed,945,,,1
234,LO PRADO,Directed,946,,,1
235,LO PRADO,Directed,947,,,1
236,LO PRADO,Directed,948,,,1
237,LO PRADO,Directed,949,,,1
238,MACUL,Directed,950,,,1
239,MACUL,Directed,951,,,1
240,MACUL,Directed,952,,,1
241,MACUL,Directed,953,,,1
242,MACUL,Directed,954,,,1
243,MACUL,Directed,955,,,1
244,MACUL,Directed,956,,,1
245,MAIPU,Directed,957,,,1
246,MAIPU,Directed,958,,,1
247,MAIPU,Directed,959,,,1
248,MAIPU,Directed,960,,,1
249,MAIPU,Directed,961,,,1
250,MAIPU,Directed,962,,,1
251,MAIPU,Directed,963,,,1
252,MAIPU,Directed,964,,,1
253,MAIPU,Directed,965,,,1
254,MAIPU,Directed,966,,,1
255,MAIPU,Directed,967,,,1
256,MAIPU,Directed,968,,,1
257,MAIPU,Directed,969,,,1
258,MAIPU,Directed,970,,,1
259,MAIPU,Directed,971,,,1
260,MAIPU,Directed,972,,,1
261,MAIPU,Directed,973,,,1
262,MAIPU,Directed,974,,,1
263,MAIPU,Directed,975,,,1
264,MAIPU,Directed,976,,,1
265,MAIPU,Directed,977,,,1
266,MAIPU,Directed,978,,,1
267,MAIPU,Directed,979,,,1
268,MAIPU,Directed,980,,,1
269,LA REINA,Directed,981,,,1
270,MAIPU,Directed,982,,,1
271,MAIPU,Directed,983,,,1
272,MAIPU,Directed,984,,,1
273,MAIPU,Directed,985,,,1
274,MAIPU,Directed,986,,,1
275,MAIPU,Directed,987,,,1
276,MAIPU,Directed,988,,,1
277,MAIPU,Directed,989,,,1
278,MAIPU,Directed,990,,,1
279,MELIPILLA,Directed,991,,,1
280,MELIPILLA,Directed,992,,,1
281,MELIPILLA,Directed,993,,,1
282,MELIPILLA,Directed,994,,,1
283,MELIPILLA,Directed,995,,,1
284,MELIPILLA,Directed,996,,,1
285,MELIPILLA,Directed,997,,,1
286,MELIPILLA,Directed,998,,,1
287,NUNOA,Directed,999,,,1
288,NUNOA,Directed,1000,,,1
289,NUNOA,Directed,1001,,,1
290,NUNOA,Directed,1002,,,1
291,NUNOA,Directed,1003,,,1
292,NUNOA,Directed,1004,,,1
293,NUNOA,Directed,1005,,,1
294,NUNOA,Directed,1006,,,1
295,NUNOA,Directed,1007,,,1
296,NUNOA,Directed,1008,,,1
297,NUNOA,Directed,1009,,,1
298,NUNOA,Directed,1010,,,1
299,NUNOA,Directed,1011,,,1
300,NUNOA,Directed,1012,,,1
301,NUNOA,Directed,1013,,,1
302,NUNOA,Directed,1014,,,1
303,NUNOA,Directed,1015,,,1
304,NUNOA,Directed,1016,,,1
305,NUNOA,Directed,1017,,,1
306,NUNOA,Directed,1018,,,1
307,NUNOA,Directed,1019,,,1
308,NUNOA,Directed,1020,,,1
309,NUNOA,Directed,1021,,,1
310,NUNOA,Directed,1022,,,1
311,NUNOA,Directed,1023,,,1
312,NUNOA,Directed,1024,,,1
313,NUNOA,Directed,1025,,,1
314,NUNOA,Directed,1026,,,1
315,NUNOA,Directed,1027,,,1
316,NUNOA,Directed,1028,,,1
317,NUNOA,Directed,1029,,,1
318,NUNOA,Directed,1030,,,1
319,PADRE HURTADO,Directed,1031,,,1
320,PADRE HURTADO,Directed,1032,,,1
321,PAINE,Directed,1033,,,1
322,PAINE,Directed,1034,,,1
323,PEDRO AGUIRRE CERDA,Directed,1035,,,1
324,PEDRO AGUIRRE CERDA,Directed,1036,,,1
325,PEDRO AGUIRRE CERDA,Directed,1037,,,1
326,PEDRO AGUIRRE CERDA,Directed,1038,,,1
327,PENAFLOR,Directed,1039,,,1
328,PENAFLOR,Directed,1040,,,1
329,PENAFLOR,Directed,1041,,,1
330,PENAFLOR,Directed,1042,,,1
331,PENAFLOR,Directed,1043,,,1
332,PENAFLOR,Directed,1044,,,1
333,PENAFLOR,Directed,1045,,,1
334,PENAFLOR,Directed,1046,,,1
335,PENALOLEN,Directed,1047,,,1
336,PENALOLEN,Directed,1048,,,1
337,PENALOLEN,Directed,1049,,,1
338,PENALOLEN,Directed,1050,,,1
339,PENALOLEN,Directed,1051,,,1
340,PENALOLEN,Directed,1052,,,1
341,PENALOLEN,Directed,1053,,,1
342,PENALOLEN,Directed,1054,,,1
343,PENALOLEN,Directed,1055,,,1
344,PENALOLEN,Directed,1056,,,1
345,PENALOLEN,Directed,1057,,,1
346,PENALOLEN,Directed,1058,,,1
347,PENALOLEN,Directed,1059,,,1
348,PENALOLEN,Directed,1060,,,1
349,PENALOLEN,Directed,1061,,,1
350,PENALOLEN,Directed,1062,,,1
351,PENALOLEN,Directed,1063,,,1
352,PENALOLEN,Directed,1064,,,1
353,PENALOLEN,Directed,1065,,,1
354,PENALOLEN,Directed,1066,,,1
355,PENALOLEN,Directed,1067,,,1
356,PENALOLEN,Directed,1068,,,1
357,PENALOLEN,Directed,1069,,,1
358,PENALOLEN,Directed,1070,,,1
359,PIRQUE,Directed,1071,,,1
360,PROVIDENCIA,Directed,1072,,,1
361,PROVIDENCIA,Directed,1073,,,1
362,PROVIDENCIA,Directed,1074,,,1
363,PROVIDENCIA,Directed,1075,,,1
364,PROVIDENCIA,Directed,1076,,,1
365,PROVIDENCIA,Directed,1077,,,1
366,PROVIDENCIA,Directed,1078,,,1
367,PROVIDENCIA,Directed,1079,,,1
368,PROVIDENCIA,Directed,1080,,,1
369,PROVIDENCIA,Directed,1081,,,1
370,PROVIDENCIA,Directed,1082,,,1
371,PROVIDENCIA,Directed,1083,,,1
372,PROVIDENCIA,Directed,1084,,,1
373,PROVIDENCIA,Directed,1085,,,1
374,PROVIDENCIA,Directed,1086,,,1
375,PROVIDENCIA,Directed,1087,,,1
376,PROVIDENCIA,Directed,1088,,,1
377,PROVIDENCIA,Directed,1089,,,1
378,PROVIDENCIA,Directed,1090,,,1
379,PROVIDENCIA,Directed,1091,,,1
380,PROVIDENCIA,Directed,1092,,,1
381,PROVIDENCIA,Directed,1093,,,1
382,PROVIDENCIA,Directed,1094,,,1
383,PUDAHUEL,Directed,1095,,,1
384,PUDAHUEL,Directed,1096,,,1
385,PUDAHUEL,Directed,1097,,,1
386,PUDAHUEL,Directed,1098,,,1
387,PUDAHUEL,Directed,1099,,,1
388,PUDAHUEL,Directed,1100,,,1
389,PUDAHUEL,Directed,1101,,,1
390,PUDAHUEL,Directed,1102,,,1
391,PUDAHUEL,Directed,1103,,,1
392,PUDAHUEL,Directed,1104,,,1
393,PUDAHUEL,Directed,1105,,,1
394,PUDAHUEL,Directed,1106,,,1
395,PUDAHUEL,Directed,1107,,,1
396,PUDAHUEL,Directed,1108,,,1
397,PUDAHUEL,Directed,1109,,,1
398,PUDAHUEL,Directed,1110,,,1
399,PUENTE ALTO,Directed,1111,,,1
400,PUENTE ALTO,Directed,1112,,,1
401,PUENTE ALTO,Directed,1113,,,1
402,PUENTE ALTO,Directed,1114,,,1
403,PUENTE ALTO,Directed,1115,,,1
404,PUENTE ALTO,Directed,1116,,,1
405,PUENTE ALTO,Directed,1117,,,1
406,PUENTE ALTO,Directed,1118,,,1
407,PUENTE ALTO,Directed,1119,,,1
408,PUENTE ALTO,Directed,1120,,,1
409,PUENTE ALTO,Directed,1121,,,1
410,PUENTE ALTO,Directed,1122,,,1
411,PUENTE ALTO,Directed,1123,,,1
412,PUENTE ALTO,Directed,1124,,,1
413,PUENTE ALTO,Directed,1125,,,1
414,PUENTE ALTO,Directed,1126,,,1
415,PUENTE ALTO,Directed,1127,,,1
416,PUENTE ALTO,Directed,1128,,,1
417,PUENTE ALTO,Directed,1129,,,1
418,PUENTE ALTO,Directed,1130,,,1
419,PUENTE ALTO,Directed,1131,,,1
420,PUENTE ALTO,Directed,1132,,,1
421,PUENTE ALTO,Directed,1133,,,1
422,PUENTE ALTO,Directed,1134,,,1
423,PUENTE ALTO,Directed,1135,,,1
424,PUENTE ALTO,Directed,1136,,,1
425,PUENTE ALTO,Directed,1137,,,1
426,PUENTE ALTO,Directed,1138,,,1
427,PUENTE ALTO,Directed,1139,,,1
428,PUENTE ALTO,Directed,1140,,,1
429,PUENTE ALTO,Directed,1141,,,1
430,PUENTE ALTO,Directed,1142,,,1
431,PUENTE ALTO,Directed,1143,,,1
432,PUENTE ALTO,Directed,1144,,,1
433,PUENTE ALTO,Directed,1145,,,1
434,QUILICURA,Directed,1146,,,1
435,QUILICURA,Directed,1147,,,1
436,QUILICURA,Directed,1148,,,1
437,QUILICURA,Directed,1149,,,1
438,QUILICURA,Directed,1150,,,1
439,QUILICURA,Directed,1151,,,1
440,QUILICURA,Directed,1152,,,1
441,QUILICURA,Directed,1153,,,1
442,QUILICURA,Directed,1154,,,1
443,QUILICURA,Directed,1155,,,1
444,QUINTA NORMAL,Directed,1156,,,1
445,QUINTA NORMAL,Directed,1157,,,1
446,QUINTA NORMAL,Directed,1158,,,1
447,QUINTA NORMAL,Directed,1159,,,1
448,QUINTA NORMAL,Directed,1160,,,1
449,QUINTA NORMAL,Directed,1161,,,1
450,QUINTA NORMAL,Directed,1162,,,1
451,RECOLETA,Directed,1163,,,1
452,RECOLETA,Directed,1164,,,1
453,RECOLETA,Directed,1165,,,1
454,RECOLETA,Directed,1166,,,1
455,RECOLETA,Directed,1167,,,1
456,RECOLETA,Directed,1168,,,1
457,RECOLETA,Directed,1169,,,1
458,RECOLETA,Directed,1170,,,1
459,RECOLETA,Directed,1171,,,1
460,RENCA,Directed,1172,,,1
461,RENCA,Directed,1173,,,1
462,RENCA,Directed,1174,,,1
463,RENCA,Directed,1175,,,1
464,RENCA,Directed,1176,,,1
465,RENCA,Directed,1177,,,1
466,SAN BERNARDO,Directed,1178,,,1
467,SAN BERNARDO,Directed,1179,,,1
468,SAN BERNARDO,Directed,1180,,,1
469,SAN BERNARDO,Directed,1181,,,1
470,SAN BERNARDO,Directed,1182,,,1
471,SAN BERNARDO,Directed,1183,,,1
472,SAN BERNARDO,Directed,1184,,,1
473,SAN BERNARDO,Directed,1185,,,1
474,SAN BERNARDO,Directed,1186,,,1
475,SAN BERNARDO,Directed,1187,,,1
476,SAN BERNARDO,Directed,1188,,,1
477,SAN BERNARDO,Directed,1189,,,1
478,SAN BERNARDO,Directed,1190,,,1
479,SAN BERNARDO,Directed,1191,,,1
480,SAN BERNARDO,Directed,1192,,,1
481,SAN JOAQUIN,Directed,1193,,,1
482,SAN JOAQUIN,Directed,1194,,,1
483,SAN JOAQUIN,Directed,1195,,,1
484,SAN JOAQUIN,Directed,1196,,,1
485,SAN JOAQUIN,Directed,1197,,,1
486,SAN JOSE DE MAIPO,Directed,1198,,,1
487,SAN MIGUEL,Directed,1199,,,1
488,SAN MIGUEL,Directed,1200,,,1
489,SAN MIGUEL,Directed,1201,,,1
490,SAN MIGUEL,Directed,1202,,,1
491,SAN MIGUEL,Directed,1203,,,1
492,SAN MIGUEL,Directed,1204,,,1
493,SAN MIGUEL,Directed,1205,,,1
494,SAN MIGUEL,Directed,1206,,,1
495,SAN MIGUEL,Directed,1207,,,1
496,SAN MIGUEL,Directed,1208,,,1
497,SAN MIGUEL,Directed,1209,,,1
498,SAN RAMON,Directed,1210,,,1
499,SAN RAMON,Directed,1211,,,1
500,SAN RAMON,Directed,1212,,,1
501,SANTIAGO,Directed,1213,,,1
502,SANTIAGO,Directed,1214,,,1
503,SANTIAGO,Directed,1215,,,1
504,SANTIAGO,Directed,1216,,,1
505,SANTIAGO,Directed,1217,,,1
506,SANTIAGO,Directed,1218,,,1
507,SANTIAGO,Directed,1219,,,1
508,SANTIAGO,Directed,1220,,,1
509,SANTIAGO,Directed,1221,,,1
510,SANTIAGO,Directed,1222,,,1
511,SANTIAGO,Directed,1223,,,1
512,SANTIAGO,Directed,1224,,,1
513,SANTIAGO,Directed,1225,,,1
514,SANTIAGO,Directed,1226,,,1
515,SANTIAGO,Directed,1227,,,1
516,SANTIAGO,Directed,1228,,,1
517,SANTIAGO,Directed,1229,,,1
518,SANTIAGO,Directed,1230,,,1
519,SANTIAGO,Directed,1231,,,1
520,SANTIAGO,Directed,1232,,,1
521,SANTIAGO,Directed,1233,,,1
522,SANTIAGO,Directed,1234,,,1
523,SANTIAGO,Directed,1235,,,1
524,SANTIAGO,Directed,1236,,,1
525,SANTIAGO,Directed,1237,,,1
526,SANTIAGO,Directed,1238,,,1
527,SANTIAGO,Directed,1239,,,1
528,SANTIAGO,Directed,1240,,,1
529,SANTIAGO,Directed,1241,,,1
530,SANTIAGO,Directed,1242,,,1
531,SANTIAGO,Directed,1243,,,1
532,SANTIAGO,Directed,1244,,,1
533,SANTIAGO,Directed,1245,,,1
534,SANTIAGO,Directed,1246,,,1
535,SANTIAGO,Directed,1247,,,1
536,SANTIAGO,Directed,1248,,,1
537,SANTIAGO,Directed,1249,,,1
538,SANTIAGO,Directed,1250,,,1
539,SANTIAGO,Directed,1251,,,1
540,SANTIAGO,Directed,1252,,,1
541,SANTIAGO,Directed,1253,,,1
542,TALAGANTE,Directed,1254,,,1
543,MAIPU,Directed,1255,,,1
544,TALAGANTE,Directed,1256,,,1
545,TALAGANTE,Directed,1257,,,1
546,TALAGANTE,Directed,1258,,,1
547,TALAGANTE,Directed,1259,,,1
548,TALAGANTE,Directed,1260,,,1
549,TALAGANTE,Directed,1261,,,1
551,VITACURA,Directed,1263,,,1
552,VITACURA,Directed,1264,,,1
553,VITACURA,Directed,1265,,,1
554,VITACURA,Directed,1266,,,1
555,VITACURA,Directed,1267,,,1
556,VITACURA,Directed,1268,,,1
557,VITACURA,Directed,1269,,,1
558,VITACURA,Directed,1270,,,1
559,VITACURA,Directed,1271,,,1
560,VITACURA,Directed,1272,,,1
561,VITACURA,Directed,1273,,,1
562,VITACURA,Directed,1274,,,1
563,VITACURA,Directed,1275,,,1
564,VITACURA,Directed,1276,,,1
565,VITACURA,Directed,1277,,,1
566,VITACURA,Directed,1278,,,1
567,VITACURA,Directed,1279,,,1
568,VITACURA,Directed,1280,,,1
569,PENALOLEN,Directed,1281,,,1
570,SAN MIGUEL,Directed,1282,,,1
571,SANTIAGO,Directed,1283,,,1
572,COLINA,Directed,1284,,,1
573,QUILICURA,Directed,1285,,,1
574,PUENTE ALTO,Directed,1286,,,1
575,PAINE,Directed,1287,,,1
576,SAN JOAQUIN,Directed,1288,,,1
577,LA FLORIDA,Directed,1289,,,1
578,LAS CONDES,Directed,1290,,,1
579,PROVIDENCIA,Directed,1291,,,1
580,SAN BERNARDO,Directed,1292,,,1
581,LAS CONDES,Directed,1293,,,1
582,SAN JOAQUIN,Directed,1294,,,1
583,MAIPU,Directed,1295,,,1
584,RECOLETA,Directed,1296,,,1
585,LO BARNECHEA,Directed,1297,,,1
586,PUDAHUEL,Directed,1298,,,1
587,VITACURA,Directed,1299,,,1
588,LA REINA,Directed,1300,,,1
589,SAN BERNARDO,Directed,1301,,,1
590,LA REINA,Directed,1302,,,1
591,LA REINA,Directed,1303,,,1
592,LAS CONDES,Directed,1304,,,1
593,VITACURA,Directed,1305,,,1
594,PUENTE ALTO,Directed,1306,,,1
595,VITACURA,Directed,1307,,,1
596,SANTIAGO,Directed,1308,,,1
597,RECOLETA,Directed,1309,,,1
598,VITACURA,Directed,1310,,,1
599,PROVIDENCIA,Directed,1311,,,1
600,LA PINTANA,Directed,1312,,,1
601,LA FLORIDA,Directed,1313,,,1
602,NUNOA,Directed,1314,,,1
603,SAN BERNARDO,Directed,1315,,,1
604,CERRILLOS,Directed,1316,,,1
605,MELIPILLA,Directed,1317,,,1
606,LA REINA,Directed,1318,,,1
607,SANTIAGO,Directed,1319,,,1
608,ISLA DE MAIPO,Directed,1320,,,1
609,PROVIDENCIA,Directed,1321,,,1
610,SAN BERNARDO,Directed,1322,,,1
611,PUENTE ALTO,Directed,1323,,,1
612,NUNOA,Directed,1324,,,1
613,QUILICURA,Directed,1325,,,1
614,PROVIDENCIA,Directed,1326,,,1
615,LO BARNECHEA,Directed,1327,,,1
616,NUNOA,Directed,1328,,,1
617,NUNOA,Directed,1329,,,1
618,LA REINA,Directed,1330,,,1
619,LO BARNECHEA,Directed,1331,,,1
620,NUNOA,Directed,1332,,,1
621,COLINA,Directed,1333,,,1
622,CERRILLOS,Directed,1334,,,1
623,COLINA,Directed,1335,,,1
624,MAIPU,Directed,1336,,,1
625,NUNOA,Directed,1337,,,1
626,HUECHURABA,Directed,1338,,,1
627,ESTACION CENTRAL,Directed,1339,,,1
628,NUNOA,Directed,1340,,,1
629,NUNOA,Directed,1341,,,1
630,CALERA DE TANGO,Directed,1342,,,1
631,LAS CONDES,Directed,1343,,,1
632,SAN BERNARDO,Directed,1344,,,1
633,SAN BERNARDO,Directed,1345,,,1
634,COLINA,Directed,1346,,,1
635,PADRE HURTADO,Directed,1347,,,1
636,SAN RAMON,Directed,1348,,,1
637,SANTIAGO,Directed,1349,,,1
638,NUNOA,Directed,1350,,,1
639,SANTIAGO,Directed,1351,,,1
640,NUNOA,Directed,1352,,,1
641,HUECHURABA,Directed,1353,,,1
642,LA FLORIDA,Directed,1354,,,1
643,NUNOA,Directed,1355,,,1
644,PUENTE ALTO,Directed,1356,,,1
645,SANTIAGO,Directed,1357,,,1
646,QUILICURA,Directed,1358,,,1
647,COLINA,Directed,1359,,,1
648,LO PRADO,Directed,1360,,,1
649,MAIPU,Directed,1361,,,1
650,PROVIDENCIA,Directed,1362,,,1
651,PROVIDENCIA,Directed,1363,,,1
652,SANTIAGO,Directed,1364,,,1
653,SANTIAGO,Directed,1365,,,1
654,PADRE HURTADO,Directed,1366,,,1
655,EL BOSQUE,Directed,1367,,,1
656,LAMPA,Directed,1368,,,1
657,INDEPENDENCIA,Directed,1369,,,1
658,LA GRANJA,Directed,1370,,,1
659,MAIPU,Directed,1371,,,1
660,SAN MIGUEL,Directed,1372,,,1
661,PROVIDENCIA,Directed,1373,,,1
662,PENALOLEN,Directed,1374,,,1
663,LA FLORIDA,Directed,1375,,,1
664,LAS CONDES,Directed,1376,,,1
665,HUECHURABA,Directed,1377,,,1
666,SAN MIGUEL,Directed,1378,,,1
667,LA FLORIDA,Directed,1379,,,1
668,LAS CONDES,Directed,1380,,,1
669,PROVIDENCIA,Directed,1381,,,1
670,PENALOLEN,Directed,1382,,,1
671,PROVIDENCIA,Directed,1383,,,1
672,LAS CONDES,Directed,1384,,,1
673,CALERA DE TANGO,Directed,1385,,,1
674,QUILICURA,Directed,1386,,,1
675,MAIPU,Directed,1387,,,1
676,MAIPU,Directed,1388,,,1
677,MAIPU,Directed,1389,,,1
678,COLINA,Directed,1390,,,1
679,LA FLORIDA,Directed,1391,,,1
680,ISLA DE MAIPO,Directed,1392,,,1
681,LO PRADO,Directed,1393,,,1
682,LA FLORIDA,Directed,1394,,,1
683,NUNOA,Directed,1395,,,1
684,SANTIAGO,Directed,1396,,,1
685,BUIN,Directed,1397,,,1
686,RENCA,Directed,1398,,,1
687,PROVIDENCIA,Directed,1399,,,1
688,PENAFLOR,Directed,1400,,,1
689,CERRILLOS,Directed,1401,,,1
690,PADRE HURTADO,Directed,1402,,,1
691,PUDAHUEL,Directed,1403,,,1
692,PUDAHUEL,Directed,1404,,,1
693,SANTIAGO,Directed,1405,,,1
694,COLINA,Directed,1406,,,1
695,INDEPENDENCIA,Directed,1407,,,1
696,LAS CONDES,Directed,1408,,,1
697,HUECHURABA,Directed,1409,,,1
698,MACUL,Directed,1410,,,1
699,TALAGANTE,Directed,1411,,,1
700,LA FLORIDA,Directed,1412,,,1
701,MAIPU,Directed,1413,,,1
702,CERRILLOS,Directed,1414,,,1
703,PADRE HURTADO,Directed,1415,,,1
704,CONCHALI,Directed,1416,,,1
705,QUILICURA,Directed,1417,,,1
706,PUENTE ALTO,Directed,1418,,,1
707,MAIPU,Directed,1419,,,1
708,LA FLORIDA,Directed,1420,,,1
709,ESTACION CENTRAL,Directed,1421,,,1
710,PENAFLOR,Directed,1422,,,1
711,VITACURA,Directed,1423,,,1
712,SANTIAGO,Directed,1424,,,1
713,COLINA,Directed,1425,,,1
